Username,Password
raihansyahran,abc123
parhan,ggg11
user11,111
user11,111
user11,333
user11,333
usertes2,yyy
usertes2,yyy
usertes2,yyy
usertes2,yyy
usertes2,yyy
usertes2,yyy
ggg,655
ggg,655
ggg,655
ggg,655
ggg,655
ggg,655
ggg,655
ggg,655
ggg,655
ggg,655
ggg,655
ggg,655
tyy,333
tyy,333
tyy,333
tyy,333
tyy,333
tyy,333
tyy,333
tyy,333
tyy,333
tyy,333
tyy,333
tyy,333
tyy,333
tyy,333
tyy,333
tyy,333
tyy,333
tyy,333
tyy,333
tyy,333
tyy,333
tyy,333
tyy,333
tyy,333
